,Date,Open,High,Low,Close,Adj Close,Volume
0,Dec-09-2019,151.07,152.21,150.91,151.36,151.36,16687400
1,Dec-06-2019,150.99,151.87,150.27,151.75,151.75,16403500
2,Dec-05-2019,150.05,150.32,149.48,149.93,149.93,17869100
3,Dec-04-2019,150.14,150.18,149.20,149.85,149.85,17574700
4,Dec-03-2019,147.49,149.43,146.65,149.31,149.31,24066000
5,Dec-02-2019,151.81,151.83,148.32,149.55,149.55,27418400
6,Nov-29-2019,152.10,152.30,151.28,151.38,151.38,11977300
7,Nov-27-2019,152.33,152.50,151.52,152.32,152.32,15184400
8,Nov-26-2019,151.36,152.42,151.32,152.03,152.03,24620100
9,Nov-25-2019,150.00,151.35,149.92,151.23,151.23,22420900
10,Nov-22-2019,150.07,150.30,148.82,149.59,149.59,15901800
11,Nov-22-2019,150.07,150.30,148.82,149.59,149.59,15901800
12,Nov-21-2019,149.40,149.80,148.50,149.48,149.48,18576100
13,Nov-20-2019,150.31,150.84,148.46,149.62,149.62,25696800
14,Nov-19-2019,150.88,151.33,150.20,150.39,149.88,23935700
15,Nov-18-2019,150.07,150.55,148.98,150.34,149.83,21534000
16,Nov-15-2019,148.93,149.99,148.27,149.97,149.46,23485700
17,Nov-14-2019,147.02,148.41,147.00,148.06,147.56,19729800
18,Nov-13-2019,146.74,147.46,146.28,147.31,146.81,16919200
19,Nov-13-2019,146.74,147.46,146.28,147.31,146.81,16919200
20,Nov-12-2019,146.28,147.57,146.06,147.07,146.57,18641600
21,Nov-11-2019,145.34,146.42,144.73,146.11,145.61,14362600
22,Nov-08-2019,143.98,145.99,143.76,145.96,145.47,16732700
23,Nov-07-2019,143.84,144.88,143.77,144.26,143.77,17786700
24,Nov-06-2019,144.37,144.52,143.20,144.06,143.57,16575800
25,Nov-05-2019,144.97,145.02,143.91,144.46,143.97,18250200
26,Nov-04-2019,144.83,145.00,144.16,144.55,144.06,16912000
27,Nov-04-2019,144.83,145.00,144.16,144.55,144.06,16912000
28,Nov-01-2019,144.26,144.42,142.97,143.72,143.23,33128400
29,Oct-31-2019,144.90,144.93,142.99,143.37,142.88,24605100
30,Oct-30-2019,143.52,145.00,142.79,144.61,144.12,18496600
31,Oct-29-2019,144.08,144.50,142.65,142.83,142.35,20589500
32,Oct-28-2019,144.40,145.67,143.51,144.19,143.70,35280100
33,Oct-25-2019,139.34,141.14,139.20,140.73,140.25,25959700
34,Oct-24-2019,139.39,140.42,138.67,139.94,139.47,37029300
35,Oct-23-2019,136.88,137.45,135.61,137.24,136.77,29844600
36,Oct-22-2019,138.97,140.01,136.26,136.37,135.91,27431000
37,Oct-21-2019,138.45,138.50,137.01,138.43,137.96,20078200
38,Oct-18-2019,139.76,140.00,136.56,137.41,136.94,32273500
39,Oct-17-2019,140.95,141.42,139.02,139.69,139.22,21460600
40,Oct-17-2019,140.95,141.42,139.02,139.69,139.22,21460600
41,Oct-16-2019,140.79,140.99,139.53,140.41,139.93,20751600
42,Oct-15-2019,140.06,141.79,139.81,141.57,141.09,19695700
43,Oct-14-2019,139.69,140.29,139.52,139.55,139.08,13304300
44,Oct-11-2019,140.12,141.03,139.50,139.68,139.21,25446000
45,Oct-10-2019,138.49,139.67,138.25,139.10,138.63,17654600
46,Oct-09-2019,137.46,138.70,136.97,138.24,137.77,19749900
47,Oct-08-2019,137.08,137.76,135.62,135.67,135.21,25550500
48,Oct-08-2019,137.08,137.76,135.62,135.67,135.21,25550500
49,Oct-07-2019,137.14,138.18,137.02,137.12,136.65,15303700
50,Oct-04-2019,136.75,138.25,136.42,138.12,137.65,22897700
51,Oct-03-2019,134.95,136.75,133.22,136.28,135.82,24132900
52,Oct-02-2019,136.25,136.37,133.58,134.65,134.19,30521700
53,Oct-01-2019,139.66,140.25,137.00,137.07,136.61,21466600
54,Sep-30-2019,138.05,139.22,137.78,139.03,138.56,17280900
55,Sep-27-2019,140.15,140.36,136.65,137.73,137.26,22477700
56,Sep-26-2019,139.44,140.18,138.44,139.54,139.07,17456600
57,Sep-25-2019,137.50,139.96,136.03,139.36,138.89,21382000
58,Sep-24-2019,140.36,140.69,136.88,137.38,136.91,29773200
59,Sep-23-2019,139.23,139.63,138.44,139.14,138.67,17139300
60,Sep-20-2019,141.01,141.65,138.25,139.44,138.97,39167300
61,Sep-20-2019,141.01,141.65,138.25,139.44,138.97,39167300
62,Sep-19-2019,140.30,142.37,140.07,141.07,140.59,35772100
63,Sep-18-2019,137.36,138.67,136.53,138.52,138.05,23982100
64,Sep-17-2019,136.96,137.52,136.43,137.39,136.92,17814200
65,Sep-16-2019,135.83,136.70,135.66,136.33,135.87,16731400
66,Sep-13-2019,137.78,138.06,136.57,137.32,136.85,23363100
67,Sep-12-2019,137.85,138.42,136.87,137.52,137.05,27010000
68,Sep-11-2019,135.91,136.27,135.09,136.12,135.66,24726100
69,Sep-11-2019,135.91,136.27,135.09,136.12,135.66,24726100
70,Sep-10-2019,136.80,136.89,134.51,136.08,135.62,28903400
71,Sep-09-2019,139.59,139.75,136.46,137.52,137.05,25773900
72,Sep-06-2019,140.03,140.18,138.20,139.10,138.63,20824500
73,Sep-05-2019,139.11,140.38,138.76,140.05,139.58,26101800
74,Sep-04-2019,137.30,137.69,136.48,137.63,137.16,17995900
75,Sep-03-2019,136.61,137.20,135.70,136.04,135.58,18869300
76,Aug-30-2019,139.15,139.18,136.27,137.86,137.39,23940100
77,Aug-29-2019,137.25,138.44,136.91,138.12,137.65,20168700
78,Aug-28-2019,134.88,135.76,133.55,135.56,135.10,17393300
79,Aug-27-2019,136.39,136.72,134.66,135.74,135.28,23102100
80,Aug-26-2019,134.99,135.56,133.90,135.45,134.99,20312600
81,Aug-23-2019,137.19,138.35,132.80,133.39,132.94,38508600
82,Aug-22-2019,138.66,139.20,136.29,137.78,137.31,18697000
83,Aug-21-2019,138.55,139.49,138.00,138.79,138.32,14970300
84,Aug-20-2019,138.21,138.71,137.24,137.26,136.79,21170800
85,Aug-19-2019,137.85,138.55,136.89,138.41,137.94,24355700
86,Aug-16-2019,134.88,136.46,134.72,136.13,135.67,24449100
87,Aug-15-2019,134.39,134.58,132.25,133.68,133.23,28074400
88,Aug-15-2019,134.39,134.58,132.25,133.68,133.23,28074400
89,Aug-14-2019,136.36,136.92,133.67,133.98,133.53,32527300
90,Aug-13-2019,136.05,138.80,135.00,138.60,137.67,25154600
91,Aug-12-2019,137.07,137.86,135.24,135.79,134.88,20476600
92,Aug-09-2019,138.61,139.38,136.46,137.71,136.79,23466700
93,Aug-08-2019,136.60,138.99,135.93,138.89,137.96,27496500
94,Aug-07-2019,133.79,135.65,131.83,135.28,134.37,33414500
95,Aug-06-2019,133.80,135.68,133.21,134.69,133.79,32696700
96,Aug-05-2019,133.30,133.93,130.78,132.21,131.32,42749600
97,Aug-02-2019,138.09,138.32,135.26,136.90,135.98,30791600
98,Aug-01-2019,137.00,140.94,136.93,138.06,137.14,40557500
99,Jul-31-2019,140.33,140.49,135.08,136.27,135.36,38598800
100,Jul-30-2019,140.14,141.22,139.80,140.35,139.41,16846500
101,Jul-29-2019,141.50,141.51,139.37,141.03,140.09,16605900
102,Jul-26-2019,140.37,141.68,140.30,141.34,140.39,19037600
103,Jul-25-2019,140.43,140.61,139.32,140.19,139.25,18356900
104,Jul-24-2019,138.90,140.74,138.85,140.72,139.78,20738300
105,Jul-23-2019,139.76,139.99,138.03,139.29,138.36,18034600
106,Jul-22-2019,137.41,139.19,137.33,138.43,137.50,25074900
107,Jul-19-2019,140.22,140.67,136.45,136.62,135.70,48992400
108,Jul-18-2019,135.55,136.62,134.67,136.42,135.51,30808700
109,Jul-17-2019,137.70,137.93,136.22,136.27,135.36,20211000
110,Jul-16-2019,138.96,139.05,136.52,137.08,136.16,22726100
111,Jul-15-2019,139.44,139.54,138.46,138.90,137.97,16651500
112,Jul-12-2019,138.85,139.13,138.01,138.90,137.97,18936800
113,Jul-11-2019,138.20,139.22,137.87,138.40,137.47,22327900
114,Jul-11-2019,138.20,139.22,137.87,138.40,137.47,22327900
115,Jul-10-2019,137.13,138.58,137.02,137.85,136.93,24204400
116,Jul-09-2019,136.00,136.97,135.80,136.46,135.55,19953100
117,Jul-08-2019,136.40,137.10,135.37,136.96,136.04,16779700
118,Jul-05-2019,135.94,137.33,135.72,137.06,136.14,18141100
119,Jul-03-2019,136.80,137.74,136.29,137.46,136.54,13629300
120,Jul-02-2019,136.12,136.59,135.34,136.58,135.67,15237800
121,Jul-02-2019,136.12,136.59,135.34,136.58,135.67,15237800
122,Jul-01-2019,136.63,136.70,134.97,135.68,134.77,22654200
123,Jun-28-2019,134.57,134.60,133.16,133.96,133.06,30043000
124,Jun-27-2019,134.14,134.71,133.51,134.15,133.25,16557500
125,Jun-26-2019,134.35,135.74,133.60,133.93,133.03,23657700
126,Jun-25-2019,137.25,137.59,132.73,133.43,132.54,33327400
127,Jun-24-2019,137.00,138.40,137.00,137.78,136.86,20628800
128,Jun-21-2019,136.58,137.73,136.46,136.97,136.05,36727900
129,Jun-20-2019,137.45,137.66,135.72,136.95,136.03,33042600
130,Jun-19-2019,135.00,135.93,133.81,135.69,134.78,23744400
131,Jun-18-2019,134.19,135.24,133.57,135.16,134.25,25934500
132,Jun-17-2019,132.63,133.73,132.53,132.85,131.96,14517800
133,Jun-14-2019,132.26,133.79,131.64,132.45,131.56,17821700
134,Jun-14-2019,132.26,133.79,131.64,132.45,131.56,17821700
135,Jun-13-2019,131.98,133.00,131.56,132.32,131.43,17200800
136,Jun-12-2019,131.40,131.97,130.71,131.49,130.61,17092500
137,Jun-11-2019,133.88,134.24,131.28,132.10,131.22,23913700
138,Jun-10-2019,132.40,134.08,132.00,132.60,131.71,26417700
139,Jun-07-2019,129.19,132.25,128.26,131.40,130.52,33885600
140,Jun-06-2019,126.44,127.97,125.60,127.82,126.96,21459000
141,Jun-05-2019,124.95,125.87,124.21,125.83,124.99,24926100
142,Jun-05-2019,124.95,125.87,124.21,125.83,124.99,24926100
143,Jun-04-2019,121.28,123.28,120.65,123.16,122.33,29382600
144,Jun-03-2019,123.85,124.37,119.01,119.84,119.04,37983600
145,May-31-2019,124.23,124.62,123.32,123.68,122.85,26646800
146,May-30-2019,125.26,125.76,124.78,125.73,124.89,16829600
147,May-29-2019,125.38,125.39,124.04,124.94,124.10,22763100
148,May-28-2019,126.98,128.00,126.05,126.16,125.31,23128400
149,May-24-2019,126.91,127.42,125.97,126.24,125.39,14123400
150,May-23-2019,126.20,126.29,124.74,126.18,125.33,23603800
151,May-22-2019,126.62,128.24,126.52,127.67,126.81,15396500
152,May-21-2019,127.43,127.53,126.58,126.90,126.05,15293300
153,May-20-2019,126.52,127.59,125.76,126.22,125.37,23706900
154,May-17-2019,128.31,130.46,127.92,128.07,127.21,25770500
155,May-16-2019,126.75,129.38,126.46,128.93,128.07,30112200
156,May-15-2019,124.26,126.71,123.70,126.02,125.18,24722700
157,May-14-2019,123.87,125.88,123.70,124.73,123.44,25266300
158,May-13-2019,124.11,125.55,123.04,123.35,122.07,33944900
159,May-10-2019,124.91,127.93,123.82,127.13,125.81,30915100
160,May-09-2019,124.29,125.79,123.57,125.50,124.20,27235800
161,May-09-2019,124.29,125.79,123.57,125.50,124.20,27235800
162,May-08-2019,125.44,126.37,124.75,125.51,124.21,28419000
163,May-07-2019,126.46,127.18,124.22,125.52,124.22,36017700
164,May-06-2019,126.39,128.56,126.11,128.15,126.82,24239800
165,May-03-2019,127.36,129.43,127.25,128.90,127.56,24911100
166,May-02-2019,127.98,128.00,125.52,126.21,124.90,27350200
167,May-01-2019,130.53,130.65,127.70,127.88,126.55,26821700
168,Apr-30-2019,129.81,130.70,129.39,130.60,129.25,24166500
169,Apr-30-2019,129.81,130.70,129.39,130.60,129.25,24166500
170,Apr-29-2019,129.90,130.18,129.35,129.77,128.43,16324200
171,Apr-26-2019,129.70,130.52,129.02,129.89,128.54,23654900
172,Apr-25-2019,130.06,131.37,128.83,129.15,127.81,38033900
173,Apr-24-2019,125.79,125.85,124.52,125.01,123.71,31257000
174,Apr-23-2019,124.10,125.58,123.83,125.44,124.14,24025500
175,Apr-22-2019,122.62,124.00,122.57,123.76,122.48,15648700
176,Apr-18-2019,122.19,123.52,121.30,123.37,122.09,27991000
177,Apr-17-2019,121.24,121.85,120.54,121.77,120.51,19300900
178,Apr-16-2019,121.64,121.65,120.10,120.77,119.52,14071800
179,Apr-15-2019,120.94,121.58,120.57,121.05,119.80,15792600
180,Apr-12-2019,120.64,120.98,120.37,120.95,119.70,19745100
181,Apr-12-2019,120.64,120.98,120.37,120.95,119.70,19745100
182,Apr-11-2019,120.54,120.85,119.92,120.33,119.08,14209100
183,Apr-10-2019,119.76,120.35,119.54,120.19,118.94,16477200
184,Apr-09-2019,118.63,119.54,118.58,119.28,118.04,17612000
185,Apr-08-2019,119.81,120.02,118.64,119.93,118.69,15116200
186,Apr-05-2019,119.39,120.23,119.37,119.89,118.65,15826200
187,Apr-04-2019,120.10,120.23,118.38,119.36,118.12,20112800
188,Apr-03-2019,119.86,120.43,119.15,119.97,118.73,22860700
189,Apr-03-2019,119.86,120.43,119.15,119.97,118.73,22860700
190,Apr-02-2019,119.06,119.48,118.52,119.19,117.95,18142300
191,Apr-01-2019,118.95,119.11,118.10,119.02,117.79,22789100
192,Mar-29-2019,118.07,118.32,116.96,117.94,116.72,25399800
193,Mar-28-2019,117.44,117.58,116.13,116.93,115.72,18334800
194,Mar-27-2019,117.88,118.21,115.52,116.77,115.56,22733400
195,Mar-26-2019,118.62,118.71,116.85,117.91,116.69,26097700
196,Mar-25-2019,116.56,118.01,116.32,117.66,116.44,27067100
197,Mar-25-2019,116.56,118.01,116.32,117.66,116.44,27067100
198,Mar-22-2019,119.50,119.59,117.04,117.05,115.84,33624500
199,Mar-21-2019,117.14,120.82,117.09,120.22,118.97,29854400
200,Mar-20-2019,117.39,118.75,116.71,117.52,116.30,28113300
201,Mar-19-2019,118.09,118.44,116.99,117.65,116.43,37588700
202,Mar-18-2019,116.17,117.61,116.05,117.57,116.35,31207600
203,Mar-15-2019,115.34,117.25,114.59,115.91,114.71,54681100
204,Mar-14-2019,114.54,115.20,114.33,114.59,113.40,30763400
205,Mar-13-2019,114.13,115.00,113.78,114.50,113.31,35513800
206,Mar-12-2019,112.82,113.99,112.65,113.62,112.44,26132700
207,Mar-11-2019,110.99,112.95,110.98,112.83,111.66,26491600
208,Mar-08-2019,109.16,110.71,108.80,110.51,109.36,22818400
209,Mar-07-2019,111.40,111.55,109.87,110.39,109.25,25339000
210,Mar-06-2019,111.87,112.66,111.43,111.75,110.59,17687000
211,Mar-05-2019,112.25,112.39,111.23,111.70,110.54,19538300
212,Mar-04-2019,113.02,113.25,110.80,112.26,111.10,26608000
213,Mar-01-2019,112.89,113.02,111.67,112.53,111.36,23501200
214,Feb-28-2019,112.04,112.88,111.73,112.03,110.87,29083900
215,Feb-27-2019,111.69,112.36,110.88,112.17,111.01,21487100
216,Feb-26-2019,111.26,113.24,111.17,112.36,111.20,21536700
217,Feb-25-2019,111.76,112.18,111.26,111.59,110.43,23750600
218,Feb-22-2019,110.05,111.20,109.82,110.97,109.82,27763200
219,Feb-21-2019,106.90,109.48,106.87,109.41,108.28,29063200
220,Feb-20-2019,107.86,107.94,106.29,107.15,106.04,21607700
221,Feb-19-2019,107.79,108.66,107.78,108.17,106.59,18038500
222,Feb-15-2019,107.91,108.30,107.36,108.22,106.64,26606900
223,Feb-14-2019,106.31,107.29,105.66,106.90,105.34,21784700
224,Feb-13-2019,107.50,107.78,106.71,106.81,105.25,18394900
225,Feb-12-2019,106.14,107.14,105.48,106.89,105.33,25056600
226,Feb-11-2019,106.20,106.58,104.97,105.25,103.72,18914100
227,Feb-08-2019,104.39,105.78,104.26,105.67,104.13,21461100
228,Feb-07-2019,105.19,105.59,104.29,105.27,103.74,29760700
229,Feb-06-2019,107.00,107.00,105.53,106.03,104.49,20609800
230,Feb-05-2019,106.06,107.27,105.96,107.22,105.66,27325400
231,Feb-04-2019,102.87,105.80,102.77,105.74,104.20,31315100
232,Feb-01-2019,103.78,104.10,102.35,102.78,101.28,35535700
233,Jan-31-2019,103.80,105.22,103.18,104.43,102.91,55636400
234,Jan-31-2019,103.80,105.22,103.18,104.43,102.91,55636400
235,Jan-30-2019,104.62,106.38,104.33,106.38,104.83,49471900
236,Jan-29-2019,104.88,104.97,102.17,102.94,101.44,31490500
237,Jan-28-2019,106.26,106.48,104.66,105.08,103.55,29476700
238,Jan-25-2019,107.24,107.88,106.20,107.17,105.61,31225600
239,Jan-24-2019,106.86,107.00,105.34,106.20,104.65,23164800
240,Jan-23-2019,106.12,107.04,105.34,106.71,105.16,25874300
241,Jan-22-2019,106.75,107.10,104.86,105.68,104.14,32371300
242,Jan-22-2019,106.75,107.10,104.86,105.68,104.14,32371300
243,Jan-18-2019,107.46,107.90,105.91,107.71,106.14,37427600
244,Jan-17-2019,105.00,106.63,104.76,106.12,104.57,28393000
245,Jan-16-2019,105.26,106.26,104.96,105.38,103.84,29853900
246,Jan-15-2019,102.51,105.05,101.88,105.01,103.48,31587600
247,Jan-14-2019,101.90,102.87,101.26,102.05,100.56,28437100
248,Jan-11-2019,103.19,103.44,101.64,102.80,101.30,28314200
249,Jan-10-2019,103.22,103.75,102.38,103.60,102.09,30067600
250,Jan-09-2019,103.86,104.88,103.24,104.27,102.75,32280800
251,Jan-08-2019,103.04,103.97,101.71,102.80,101.30,31514400
252,Jan-07-2019,101.64,103.27,100.98,102.06,100.57,35656100
253,Jan-04-2019,99.72,102.51,98.93,101.93,100.44,44060600
254,Jan-04-2019,99.72,102.51,98.93,101.93,100.44,44060600
255,Jan-03-2019,100.10,100.19,97.20,97.40,95.98,42579100
256,Jan-02-2019,99.55,101.75,98.94,101.12,99.65,35329300
257,Dec-31-2018,101.29,102.40,100.44,101.57,100.09,33173800
258,Dec-28-2018,102.09,102.41,99.52,100.39,98.93,38196300
259,Dec-27-2018,99.30,101.19,96.40,101.18,99.71,49498500
260,Dec-26-2018,95.14,100.69,93.96,100.56,99.09,51634800
261,Dec-26-2018,95.14,100.69,93.96,100.56,99.09,51634800
262,Dec-24-2018,97.68,97.97,93.98,94.13,92.76,43935200
263,Dec-21-2018,101.63,103.00,97.46,98.23,96.80,111242100
264,Dec-20-2018,103.05,104.31,98.78,101.51,100.03,70334200
265,Dec-19-2018,103.65,106.88,101.35,103.69,102.18,68198200
266,Dec-18-2018,103.75,104.51,102.52,103.97,102.46,49319200
267,Dec-17-2018,105.41,105.80,101.71,102.89,101.39,56957300
268,Dec-17-2018,105.41,105.80,101.71,102.89,101.39,56957300
269,Dec-14-2018,108.25,109.26,105.50,106.03,104.49,47043100
270,Dec-13-2018,109.58,110.87,108.63,109.45,107.86,31333400
271,Dec-12-2018,110.89,111.27,109.04,109.08,107.49,36183000
272,Dec-11-2018,109.80,110.95,107.44,108.59,107.01,42381900
273,Dec-10-2018,104.80,107.98,103.89,107.59,106.02,40801500
274,Dec-07-2018,108.38,109.45,104.30,104.82,103.29,45044900
275,Dec-06-2018,105.82,109.24,105.00,109.19,107.60,49107400
276,Dec-04-2018,111.94,112.64,108.21,108.52,106.94,45197000
277,Dec-03-2018,113.00,113.42,110.73,112.09,110.46,34732800
278,Nov-30-2018,110.70,110.97,109.36,110.89,109.27,33665600
279,Nov-29-2018,110.33,111.12,109.03,110.19,108.58,28123200
280,Nov-29-2018,110.33,111.12,109.03,110.19,108.58,28123200
281,Nov-28-2018,107.89,111.33,107.86,111.12,109.50,46788500
282,Nov-27-2018,106.27,107.33,105.36,107.14,105.58,29124500
283,Nov-26-2018,104.79,106.63,104.58,106.47,104.92,32336200
284,Nov-23-2018,102.17,103.81,102.00,103.07,101.57,13823100
285,Nov-21-2018,103.60,104.43,102.24,103.11,101.61,28130600
286,Nov-20-2018,101.80,102.97,99.35,101.71,100.23,64052500
287,Nov-20-2018,101.80,102.97,99.35,101.71,100.23,64052500
288,Nov-19-2018,108.27,108.56,103.55,104.62,103.10,44773900
289,Nov-16-2018,107.08,108.88,106.80,108.29,106.71,33502100
290,Nov-15-2018,104.99,107.80,103.91,107.28,105.72,38505200
291,Nov-14-2018,108.10,108.26,104.47,104.97,103.44,39495100
292,Nov-13-2018,107.55,108.74,106.64,106.94,104.93,35374600
293,Nov-12-2018,109.42,109.96,106.10,106.87,104.86,33621800
294,Nov-09-2018,110.85,111.45,108.76,109.57,107.51,32039200
295,Nov-08-2018,111.80,112.21,110.91,111.75,109.65,25644100
296,Nov-07-2018,109.44,112.24,109.40,111.96,109.85,37901700
297,Nov-06-2018,107.38,108.84,106.28,107.72,105.69,24340200
298,Nov-05-2018,106.37,107.74,105.90,107.51,105.49,27922100
299,Nov-02-2018,106.48,107.32,104.98,106.16,104.16,37680200
300,Nov-02-2018,106.48,107.32,104.98,106.16,104.16,37680200
301,Nov-01-2018,107.05,107.32,105.53,105.92,103.93,33384200
302,Oct-31-2018,105.44,108.14,105.39,106.81,104.80,51062400
303,Oct-30-2018,103.66,104.38,100.11,103.73,101.78,65350900
304,Oct-29-2018,108.11,108.70,101.63,103.85,101.90,55162000
305,Oct-26-2018,105.69,108.75,104.76,106.96,104.95,55523100
306,Oct-25-2018,106.55,109.27,106.15,108.30,106.26,61646800
307,Oct-24-2018,108.41,108.49,101.59,102.32,100.40,63897800
308,Oct-24-2018,108.41,108.49,101.59,102.32,100.40,63897800
309,Oct-23-2018,107.77,108.97,105.11,108.10,106.07,43770400
310,Oct-22-2018,109.32,110.54,108.24,109.63,107.57,26545600
311,Oct-19-2018,108.93,110.86,108.21,108.66,106.62,32785500
312,Oct-18-2018,110.10,110.53,107.83,108.50,106.46,32506200
313,Oct-17-2018,111.68,111.81,109.55,110.71,108.63,26548200
314,Oct-16-2018,109.54,111.41,108.95,111.00,108.91,31610200
315,Oct-15-2018,108.91,109.48,106.95,107.60,105.58,32068100
316,Oct-15-2018,108.91,109.48,106.95,107.60,105.58,32068100
317,Oct-12-2018,109.01,111.24,107.12,109.57,107.51,47742100
318,Oct-11-2018,105.35,108.93,104.20,105.91,103.92,63904300
319,Oct-10-2018,111.24,111.50,105.79,106.16,104.16,61376300
320,Oct-09-2018,111.14,113.08,110.80,112.26,110.15,26198600
321,Oct-08-2018,111.66,112.03,109.34,110.85,108.76,29640600
322,Oct-05-2018,112.63,113.17,110.64,112.13,110.02,29068900
323,Oct-04-2018,114.61,114.76,111.63,112.79,110.67,34821700
324,Oct-03-2018,115.42,116.18,114.93,115.17,113.00,16648000
325,Oct-02-2018,115.30,115.84,114.44,115.15,112.98,20787200
326,Oct-01-2018,114.75,115.68,114.73,115.61,113.44,18883100
327,Sep-28-2018,114.19,114.57,113.68,114.37,112.22,21647800
328,Sep-27-2018,114.78,114.91,114.20,114.41,112.26,19091300
329,Sep-26-2018,114.47,115.06,113.74,113.98,111.84,19352000
330,Sep-25-2018,114.80,115.10,113.75,114.45,112.30,22668000
331,Sep-24-2018,113.03,114.90,112.22,114.67,112.51,27334500
332,Sep-21-2018,114.00,115.29,113.51,114.26,112.11,71229700
333,Sep-20-2018,112.28,113.80,111.93,113.57,111.43,23714500
334,Sep-19-2018,113.05,113.32,111.04,111.70,109.60,21728400
335,Sep-18-2018,112.19,113.70,111.72,113.21,111.08,22170900
336,Sep-17-2018,113.69,113.70,111.86,112.14,110.03,20736500
337,Sep-14-2018,113.36,113.73,112.44,113.37,111.24,19122300
338,Sep-13-2018,112.12,113.73,112.12,112.91,110.79,26055600
339,Sep-12-2018,111.43,111.85,110.51,111.71,109.61,18891100
340,Sep-11-2018,108.90,111.59,108.89,111.24,109.15,24301800
341,Sep-10-2018,108.84,109.64,108.36,109.38,107.32,20727900
342,Sep-10-2018,108.84,109.64,108.36,109.38,107.32,20727900
343,Sep-07-2018,108.23,108.72,107.23,108.21,106.17,22498600
344,Sep-06-2018,108.25,108.99,107.51,108.74,106.69,23477600
345,Sep-05-2018,111.01,111.42,108.10,108.49,106.45,32872400
346,Sep-04-2018,110.85,111.96,110.22,111.71,109.61,22634600
347,Aug-31-2018,111.69,112.78,111.52,112.33,110.22,23222700
348,Aug-30-2018,111.67,112.61,111.44,111.95,109.84,22798700
349,Aug-29-2018,110.45,112.03,110.27,112.02,109.91,20818000
350,Aug-28-2018,109.94,110.50,109.79,110.26,108.19,19151500
351,Aug-27-2018,109.27,109.64,108.51,109.60,107.54,19662300
352,Aug-24-2018,107.67,108.56,107.56,108.40,106.36,17234000
353,Aug-23-2018,107.15,108.18,106.87,107.56,105.54,18167700
354,Aug-23-2018,107.15,108.18,106.87,107.56,105.54,18167700
355,Aug-22-2018,105.85,107.34,105.78,107.06,105.05,18000600
356,Aug-21-2018,106.92,107.35,105.85,105.98,103.99,22881900
357,Aug-20-2018,107.51,107.90,106.48,106.87,104.86,17914200
358,Aug-17-2018,107.36,107.90,106.69,107.58,105.56,18061500
359,Aug-16-2018,108.30,108.86,107.30,107.64,105.62,21384300
360,Aug-15-2018,108.49,108.99,106.82,107.66,105.63,29982800
361,Aug-14-2018,108.56,109.75,108.04,109.56,107.09,16788300
362,Aug-14-2018,108.56,109.75,108.04,109.56,107.09,16788300
363,Aug-13-2018,109.24,109.58,108.10,108.21,105.77,18472500
364,Aug-10-2018,109.42,109.69,108.38,109.00,106.54,18183700
365,Aug-09-2018,109.71,110.16,109.60,109.67,107.19,13677200
366,Aug-08-2018,109.33,109.75,108.76,109.49,107.02,15487500
367,Aug-07-2018,108.56,109.10,108.17,108.88,106.42,16080200
368,Aug-06-2018,108.12,108.42,107.56,108.13,105.69,20265900
369,Aug-03-2018,107.80,108.05,106.82,108.04,105.60,18659600
370,Aug-02-2018,105.40,108.09,104.84,107.57,105.14,26104300
371,Aug-01-2018,106.03,106.45,105.42,106.28,103.88,23628700
372,Jul-31-2018,106.49,106.72,105.38,106.08,103.69,27655200
373,Jul-30-2018,107.19,107.53,104.76,105.37,102.99,34668300
374,Jul-27-2018,110.18,110.18,106.14,107.68,105.25,37005300
375,Jul-27-2018,110.18,110.18,106.14,107.68,105.25,37005300
376,Jul-26-2018,110.74,111.00,109.50,109.62,107.15,31372100
377,Jul-25-2018,107.96,111.15,107.60,110.83,108.33,30702100
378,Jul-24-2018,108.57,108.82,107.26,107.66,105.23,26316600
379,Jul-23-2018,106.30,108.14,106.13,107.97,105.53,29707000
380,Jul-20-2018,108.08,108.20,106.08,106.27,103.87,56004000
381,Jul-19-2018,104.93,105.31,103.89,104.40,102.04,40171600
382,Jul-18-2018,105.94,106.05,104.72,105.12,102.75,29493900
383,Jul-18-2018,105.94,106.05,104.72,105.12,102.75,29493900
384,Jul-17-2018,104.61,106.50,104.32,105.95,103.56,25901700
385,Jul-16-2018,105.40,105.82,104.52,104.91,102.54,21786900
386,Jul-13-2018,104.37,105.60,104.09,105.43,103.05,24635200
387,Jul-12-2018,102.77,104.41,102.73,104.19,101.84,24335900
388,Jul-11-2018,101.15,102.34,101.10,101.98,99.68,19644600
389,Jul-10-2018,102.00,102.51,101.86,102.12,99.82,19293100
390,Jul-09-2018,101.65,102.25,101.25,101.85,99.55,18212000
391,Jul-09-2018,101.65,102.25,101.25,101.85,99.55,18212000
392,Jul-06-2018,99.89,101.43,99.67,101.16,98.88,19234600
393,Jul-05-2018,99.50,99.92,99.03,99.76,97.51,18977400
394,Jul-03-2018,100.48,100.63,98.94,99.05,96.81,14670300
395,Jul-02-2018,98.10,100.06,98.00,100.01,97.75,19564500
396,Jun-29-2018,98.93,99.91,98.33,98.61,96.38,28053200
397,Jun-28-2018,97.38,99.11,97.26,98.63,96.40,26650700
398,Jun-27-2018,99.58,100.02,97.40,97.54,95.34,31298400
399,Jun-26-2018,98.82,100.08,98.75,99.08,96.84,26897200
400,Jun-25-2018,100.00,100.11,97.30,98.39,96.17,35433300
401,Jun-22-2018,100.41,100.77,99.63,100.41,98.14,38923100
402,Jun-21-2018,102.08,102.46,100.88,101.14,98.86,23198200
403,Jun-21-2018,102.08,102.46,100.88,101.14,98.86,23198200
404,Jun-20-2018,101.37,102.52,101.12,101.87,99.57,26180800
405,Jun-19-2018,99.65,101.00,99.50,100.86,98.58,28653100
406,Jun-18-2018,100.01,101.11,99.42,100.86,98.58,23586000
407,Jun-15-2018,101.51,101.53,100.07,100.13,97.87,65738600
408,Jun-14-2018,101.65,102.03,101.00,101.42,99.13,25691800
409,Jun-13-2018,101.72,102.01,100.56,100.85,98.57,29492900
410,Jun-12-2018,101.10,101.45,100.75,101.31,99.02,18325200
411,Jun-12-2018,101.10,101.45,100.75,101.31,99.02,18325200
412,Jun-11-2018,101.01,101.59,100.67,101.05,98.77,23490900
413,Jun-08-2018,101.09,101.95,100.54,101.63,99.34,22165100
414,Jun-07-2018,102.65,102.69,100.38,100.88,98.60,28232200
415,Jun-06-2018,102.48,102.60,101.90,102.49,100.18,21122900
416,Jun-05-2018,102.00,102.33,101.53,102.19,99.88,23514400
417,Jun-04-2018,101.26,101.86,100.85,101.67,99.38,27281600
418,Jun-01-2018,99.28,100.86,99.17,100.79,98.52,28655600
419,May-31-2018,99.29,99.99,98.61,98.84,96.61,34140900
420,May-30-2018,98.31,99.25,97.91,98.95,96.72,22158500
421,May-29-2018,97.84,98.88,97.23,98.01,95.80,28671000
422,May-25-2018,98.30,98.98,97.86,98.36,96.14,18363900
423,May-25-2018,98.30,98.98,97.86,98.36,96.14,18363900
424,May-24-2018,98.73,98.94,96.81,98.31,96.09,26649300
425,May-23-2018,96.71,98.73,96.32,98.66,96.43,21251200
426,May-22-2018,97.68,98.17,97.20,97.50,95.30,15441200
427,May-21-2018,97.00,98.01,96.80,97.60,95.40,19422500
428,May-18-2018,96.01,96.93,96.01,96.36,94.19,17865800
429,May-17-2018,96.76,97.54,95.83,96.18,94.01,17246700
430,May-16-2018,97.36,97.40,96.62,97.15,94.96,17384700
431,May-16-2018,97.36,97.40,96.62,97.15,94.96,17384700
432,May-15-2018,97.24,97.85,96.34,97.32,94.71,24594000
433,May-14-2018,97.92,98.69,97.31,98.03,95.40,19454100
434,May-11-2018,97.80,97.87,97.04,97.70,95.08,16778300
435,May-10-2018,97.46,97.95,97.05,97.91,95.29,22388100
436,May-09-2018,96.01,96.97,95.05,96.94,94.34,27327400
437,May-08-2018,95.85,96.16,95.06,95.81,93.24,23484600
438,May-07-2018,95.17,96.71,95.10,96.22,93.64,24242000
439,May-04-2018,93.32,95.37,92.92,95.16,92.61,22531300
440,May-03-2018,92.96,94.93,92.45,94.07,91.55,31142500
441,May-02-2018,94.99,95.17,93.19,93.51,91.00,27471000
442,May-01-2018,93.21,95.29,92.79,95.00,92.46,31408900
443,Apr-30-2018,96.33,96.40,93.15,93.52,91.01,41523600
444,Apr-27-2018,97.60,97.90,93.91,95.82,93.25,48272800
445,Apr-26-2018,93.55,95.15,93.10,94.26,91.73,42529000
446,Apr-25-2018,93.30,93.30,90.28,92.31,89.84,33729300
447,Apr-24-2018,96.24,96.47,92.41,93.12,90.63,34524800
448,Apr-23-2018,95.74,96.29,94.63,95.35,92.80,22331800
449,Apr-20-2018,95.91,96.11,94.05,95.00,92.46,31154400
450,Apr-19-2018,96.44,97.07,95.34,96.11,93.54,23552500
451,Apr-18-2018,96.22,96.72,95.52,96.44,93.86,21043300
452,Apr-17-2018,95.00,96.54,94.88,96.07,93.50,26771000
453,Apr-16-2018,94.07,94.66,93.42,94.17,91.65,20288100
454,Apr-13-2018,94.05,94.18,92.44,93.08,90.59,23346100
455,Apr-12-2018,92.43,94.16,92.43,93.58,91.07,26758900
456,Apr-11-2018,92.01,93.29,91.48,91.86,89.40,24872100
457,Apr-11-2018,92.01,93.29,91.48,91.86,89.40,24872100
458,Apr-10-2018,92.39,93.28,91.64,92.88,90.39,26812000
459,Apr-09-2018,91.04,93.17,90.62,90.77,88.34,31533900
460,Apr-06-2018,91.49,92.46,89.48,90.23,87.81,38026000
461,Apr-05-2018,92.44,93.07,91.40,92.38,89.91,29771900
462,Apr-04-2018,87.85,92.76,87.73,92.33,89.86,35560000
463,Apr-03-2018,89.58,90.05,87.89,89.71,87.31,37213800
464,Apr-02-2018,90.47,90.88,87.51,88.52,86.15,48515400
465,Apr-02-2018,90.47,90.88,87.51,88.52,86.15,48515400
466,Mar-29-2018,90.18,92.29,88.40,91.27,88.82,45867500
467,Mar-28-2018,89.82,91.23,88.87,89.39,87.00,52501100
468,Mar-27-2018,94.94,95.14,88.51,89.47,87.07,56569000
469,Mar-26-2018,90.61,94.00,90.40,93.78,91.27,56396800
470,Mar-23-2018,89.50,90.46,87.08,87.18,84.84,44068900
471,Mar-22-2018,91.27,91.75,89.66,89.79,87.38,38604700
472,Mar-21-2018,92.93,94.05,92.21,92.48,90.00,24457100
473,Mar-20-2018,93.05,93.77,93.00,93.13,90.64,23075200
474,Mar-19-2018,93.74,93.90,92.11,92.89,90.40,33344100
475,Mar-16-2018,94.68,95.38,93.92,94.60,92.07,49081300
476,Mar-15-2018,93.53,94.58,92.83,94.18,91.66,27611000
477,Mar-15-2018,93.53,94.58,92.83,94.18,91.66,27611000
478,Mar-14-2018,95.12,95.41,93.50,93.85,91.34,32132000
479,Mar-13-2018,97.00,97.24,93.97,94.41,91.88,35387800
480,Mar-12-2018,96.50,97.21,96.04,96.77,94.18,26073700
481,Mar-09-2018,95.29,96.54,95.00,96.54,93.95,36937300
482,Mar-08-2018,94.27,95.10,93.77,94.43,91.90,25887800
483,Mar-07-2018,93.16,93.94,92.43,93.86,91.35,26716100
484,Mar-06-2018,94.34,94.49,92.94,93.32,90.82,22175800
485,Mar-06-2018,94.34,94.49,92.94,93.32,90.82,22175800
486,Mar-05-2018,92.34,94.27,92.26,93.64,91.13,23901600
487,Mar-02-2018,91.58,93.15,90.86,93.05,90.56,32830400
488,Mar-01-2018,93.99,94.57,91.84,92.85,90.36,37135600
489,Feb-28-2018,94.84,95.71,93.63,93.77,91.26,31167300
490,Feb-27-2018,95.74,95.84,94.20,94.20,91.68,25869100
491,Feb-26-2018,94.40,95.45,94.25,95.42,92.86,30199800
492,Feb-23-2018,93.60,94.07,92.36,94.06,91.54,26329200
493,Feb-22-2018,92.05,92.73,91.36,91.73,89.27,24392800
494,Feb-21-2018,92.98,93.36,91.49,91.49,89.04,26922500
495,Feb-20-2018,91.48,93.06,91.01,92.72,90.24,30911700
496,Feb-16-2018,92.45,93.50,91.80,92.00,89.54,30596900
497,Feb-16-2018,92.45,93.50,91.80,92.00,89.54,30596900
498,Feb-15-2018,91.21,92.72,90.62,92.66,90.18,27823900
499,Feb-14-2018,88.51,90.99,88.41,90.81,88.38,34960900
500,Feb-13-2018,88.93,90.00,87.80,89.83,87.01,26407700
501,Feb-12-2018,88.74,89.78,87.93,89.13,86.34,35720300
502,Feb-09-2018,86.30,88.93,83.83,88.18,85.42,63499100
503,Feb-08-2018,89.71,89.88,84.76,85.01,82.35,55628700
504,Feb-07-2018,90.49,91.77,89.20,89.61,86.80,41107600
505,Feb-07-2018,90.49,91.77,89.20,89.61,86.80,41107600
506,Feb-06-2018,86.89,91.48,85.25,91.33,88.47,67998600
507,Feb-05-2018,90.56,93.24,88.00,88.00,85.24,51031500
508,Feb-02-2018,93.64,93.97,91.50,91.78,88.90,47867800
509,Feb-01-2018,94.79,96.07,93.58,94.26,91.31,47227900
510,Jan-31-2018,93.75,95.40,93.51,95.01,92.03,48756300
511,Jan-30-2018,93.30,93.66,92.10,92.74,89.83,38635100
512,Jan-29-2018,95.14,95.45,93.72,93.92,90.98,31569900
513,Jan-29-2018,95.14,95.45,93.72,93.92,90.98,31569900
514,Jan-26-2018,93.12,94.06,92.58,94.06,91.11,29172200
515,Jan-25-2018,92.47,93.24,91.93,92.33,89.44,26383200
516,Jan-24-2018,92.55,93.43,91.58,91.82,88.94,33277500
517,Jan-23-2018,91.90,92.30,91.54,91.90,89.02,23412800
518,Jan-22-2018,90.00,91.62,89.74,91.61,88.74,23601600
519,Jan-19-2018,90.14,90.61,89.66,90.00,87.18,36875000
520,Jan-18-2018,89.80,90.67,89.66,90.10,87.28,24159700
521,Jan-17-2018,89.08,90.28,88.75,90.14,87.32,25621200
522,Jan-16-2018,90.10,90.79,88.01,88.35,85.58,36599700
523,Jan-12-2018,88.67,89.78,88.45,89.60,86.79,24271500
524,Jan-11-2018,88.13,88.13,87.24,88.08,85.32,17808900
525,Jan-11-2018,88.13,88.13,87.24,88.08,85.32,17808900
526,Jan-10-2018,87.86,88.19,87.41,87.82,85.07,18652200
527,Jan-09-2018,88.65,88.73,87.86,88.22,85.46,19484300
528,Jan-08-2018,88.20,88.58,87.60,88.28,85.51,22113000
529,Jan-05-2018,87.66,88.41,87.43,88.19,85.43,23407100
530,Jan-04-2018,86.59,87.66,86.57,87.11,84.38,21912000
531,Jan-03-2018,86.06,86.51,85.97,86.35,83.64,26061400
532,Jan-02-2018,86.13,86.31,85.50,85.95,83.26,22483800
533,Jan-02-2018,86.13,86.31,85.50,85.95,83.26,22483800
534,Dec-29-2017,85.63,86.05,85.50,85.54,82.86,18717400
535,Dec-28-2017,85.90,85.93,85.55,85.72,83.03,10594300
536,Dec-27-2017,85.65,85.98,85.22,85.71,83.02,14678000
537,Dec-26-2017,85.31,85.53,85.03,85.40,82.72,9891200
538,Dec-22-2017,85.40,85.63,84.92,85.51,82.83,14145800
539,Dec-21-2017,86.05,86.10,85.40,85.50,82.82,17990700
540,Dec-20-2017,86.20,86.30,84.71,85.52,82.84,23674900
541,Dec-19-2017,86.35,86.35,85.27,85.83,83.14,23524800
542,Dec-18-2017,87.12,87.50,86.23,86.38,83.67,22283800
543,Dec-15-2017,85.26,87.09,84.88,86.85,84.13,53936700
544,Dec-15-2017,85.26,87.09,84.88,86.85,84.13,53936700
545,Dec-14-2017,85.43,85.87,84.53,84.69,82.04,19306000
546,Dec-13-2017,85.74,86.00,85.17,85.35,82.68,22062700
547,Dec-12-2017,85.31,86.05,85.08,85.58,82.90,23924100
548,Dec-11-2017,84.29,85.37,84.12,85.23,82.56,22857900
549,Dec-08-2017,83.63,84.58,83.33,84.16,81.52,24489100
550,Dec-07-2017,82.54,82.80,82.00,82.49,79.90,23184500
551,Dec-06-2017,81.55,83.14,81.43,82.78,80.19,26162100
552,Dec-06-2017,81.55,83.14,81.43,82.78,80.19,26162100
553,Dec-05-2017,81.34,82.68,80.98,81.59,79.03,26152300
554,Dec-04-2017,84.42,84.43,80.70,81.08,78.54,39094900
555,Dec-01-2017,83.60,84.81,83.22,84.26,81.62,29532100
556,Nov-30-2017,83.51,84.52,83.34,84.17,81.53,33054600
557,Nov-29-2017,84.71,84.92,83.18,83.34,80.73,27381100
558,Nov-28-2017,84.07,85.06,84.02,84.88,82.22,21926000
559,Nov-27-2017,83.31,83.98,83.30,83.87,81.24,18265200
560,Nov-24-2017,83.01,83.43,82.78,83.26,80.65,7425600
561,Nov-22-2017,83.83,83.90,83.04,83.11,80.51,20553100
562,Nov-21-2017,82.74,83.84,82.74,83.72,81.10,21237500
563,Nov-20-2017,82.40,82.59,82.25,82.53,79.94,16315000
564,Nov-17-2017,83.12,83.12,82.24,82.40,79.82,22079000
565,Nov-16-2017,83.10,83.42,82.94,83.20,80.59,20962800
566,Nov-15-2017,83.47,83.69,82.69,82.98,80.38,19383100
567,Nov-14-2017,83.50,84.10,82.98,84.05,81.01,18801300
568,Nov-13-2017,83.66,83.94,83.46,83.93,80.89,14196900
569,Nov-10-2017,83.79,84.10,83.23,83.87,80.84,19397800
570,Nov-09-2017,84.11,84.27,82.90,84.09,81.05,21178400
571,Nov-08-2017,84.14,84.61,83.83,84.56,81.50,18034200
572,Nov-07-2017,84.77,84.90,83.93,84.27,81.22,17939700
573,Nov-06-2017,84.20,84.70,84.08,84.47,81.41,19860900
574,Nov-03-2017,84.08,84.54,83.40,84.14,81.10,17633500
575,Nov-02-2017,83.35,84.46,83.12,84.05,81.01,23992900
576,Nov-01-2017,83.68,83.76,82.88,83.18,80.17,22307400
577,Nov-01-2017,83.68,83.76,82.88,83.18,80.17,22307400
578,Oct-31-2017,84.36,84.36,83.11,83.18,80.17,27086600
579,Oct-30-2017,83.70,84.33,83.11,83.89,80.85,31756700
580,Oct-27-2017,84.37,86.20,83.61,83.81,80.78,71066700
581,Oct-26-2017,79.20,79.42,78.75,78.76,75.91,32120700
582,Oct-25-2017,78.58,79.10,78.01,78.63,75.79,20410800
583,Oct-24-2017,78.90,79.20,78.46,78.86,76.01,17517200
584,Oct-23-2017,78.99,79.34,78.76,78.83,75.98,20627200
585,Oct-23-2017,78.99,79.34,78.76,78.83,75.98,20627200
586,Oct-20-2017,78.32,78.97,78.22,78.81,75.96,22866400
587,Oct-19-2017,77.57,77.93,77.35,77.91,75.09,15092800
588,Oct-18-2017,77.67,77.85,77.37,77.61,74.80,13300700
589,Oct-17-2017,77.47,77.62,77.25,77.59,74.78,16824000
590,Oct-16-2017,77.42,77.81,77.35,77.65,74.84,12380100
591,Oct-13-2017,77.59,77.87,77.29,77.49,74.69,15335700
592,Oct-12-2017,76.49,77.29,76.37,77.12,74.33,16876500
593,Oct-11-2017,76.36,76.46,75.95,76.42,73.66,15388900
594,Oct-10-2017,76.33,76.63,76.14,76.29,73.53,13944500
595,Oct-09-2017,75.97,76.55,75.86,76.29,73.53,11386500
596,Oct-06-2017,75.67,76.03,75.54,76.00,73.25,13959800
597,Oct-05-2017,75.22,76.12,74.96,75.97,73.22,21195300
598,Oct-05-2017,75.22,76.12,74.96,75.97,73.22,21195300
599,Oct-04-2017,74.09,74.72,73.71,74.69,71.99,13317700
600,Oct-03-2017,74.67,74.88,74.19,74.26,71.57,12190400
601,Oct-02-2017,74.71,75.01,74.30,74.61,71.91,15304800
602,Sep-29-2017,73.94,74.54,73.88,74.49,71.79,17079100
603,Sep-28-2017,73.54,73.97,73.31,73.87,71.20,10883800
604,Sep-27-2017,73.55,74.17,73.17,73.85,71.18,19565100
605,Sep-26-2017,73.67,73.81,72.99,73.26,70.61,18019600
606,Sep-26-2017,73.67,73.81,72.99,73.26,70.61,18019600
607,Sep-25-2017,74.09,74.25,72.92,73.26,70.61,24149200
608,Sep-22-2017,73.99,74.51,73.85,74.41,71.72,14111400
609,Sep-21-2017,75.11,75.24,74.11,74.21,71.53,19186100
610,Sep-20-2017,75.35,75.55,74.31,74.94,72.23,21587900
611,Sep-19-2017,75.21,75.71,75.01,75.44,72.71,16093300
612,Sep-18-2017,75.23,75.97,75.04,75.16,72.44,23307000
613,Sep-15-2017,74.83,75.39,74.07,75.31,72.59,38578400
614,Sep-14-2017,75.00,75.49,74.52,74.77,72.06,15733900
615,Sep-13-2017,74.93,75.23,74.55,75.21,72.49,13380800
616,Sep-12-2017,74.76,75.24,74.37,74.68,71.98,14394900
617,Sep-11-2017,74.31,74.94,74.31,74.76,72.06,17910400
618,Sep-08-2017,74.33,74.44,73.84,73.98,71.30,14703800
619,Sep-08-2017,74.33,74.44,73.84,73.98,71.30,14703800
620,Sep-07-2017,73.68,74.60,73.60,74.34,71.65,17471200
621,Sep-06-2017,73.74,74.04,73.35,73.40,70.74,16535800
622,Sep-05-2017,73.34,73.89,72.98,73.61,70.95,21556000
623,Sep-01-2017,74.71,74.74,73.64,73.94,71.26,21736200
624,Aug-31-2017,74.03,74.96,73.80,74.77,72.06,27652800
625,Aug-30-2017,73.01,74.21,72.83,74.01,71.33,16897800
626,Aug-30-2017,73.01,74.21,72.83,74.01,71.33,16897800
627,Aug-29-2017,72.25,73.16,72.05,73.05,70.41,11478400
628,Aug-28-2017,73.06,73.09,72.55,72.83,70.20,14569700
629,Aug-25-2017,72.86,73.35,72.48,72.82,70.19,12794300
630,Aug-24-2017,72.74,72.86,72.07,72.69,70.06,17098300
631,Aug-23-2017,72.96,73.15,72.53,72.72,70.09,13766500
632,Aug-22-2017,72.35,73.24,72.35,73.16,70.51,14343700
633,Aug-21-2017,72.47,72.48,71.70,72.15,69.54,17734800
634,Aug-21-2017,72.47,72.48,71.70,72.15,69.54,17734800
635,Aug-18-2017,72.27,72.84,71.93,72.49,69.87,18761500
636,Aug-17-2017,73.58,73.87,72.40,72.40,69.78,22977500
637,Aug-16-2017,73.34,74.10,73.17,73.65,70.99,18150400
638,Aug-15-2017,73.59,73.59,73.04,73.22,70.57,19181400
639,Aug-14-2017,73.06,73.72,72.95,73.59,70.55,20096600
640,Aug-11-2017,71.61,72.70,71.28,72.50,69.51,21443700
641,Aug-10-2017,71.90,72.19,71.35,71.41,68.46,24734500
642,Aug-09-2017,72.25,72.51,72.05,72.47,69.48,22213400
643,Aug-08-2017,72.09,73.13,71.75,72.79,69.78,22044600
644,Aug-07-2017,72.80,72.90,72.26,72.40,69.41,18705700
645,Aug-04-2017,72.40,73.04,72.24,72.68,69.68,22579000
646,Aug-03-2017,72.19,72.44,71.85,72.15,69.17,18214400
647,Aug-03-2017,72.19,72.44,71.85,72.15,69.17,18214400
648,Aug-02-2017,72.55,72.56,71.44,72.26,69.28,26499200
649,Aug-01-2017,73.10,73.42,72.49,72.58,69.58,22132300
650,Jul-31-2017,73.30,73.44,72.41,72.70,69.70,23600100
651,Jul-28-2017,72.67,73.31,72.54,73.04,70.02,18306700
652,Jul-27-2017,73.76,74.42,72.32,73.16,70.14,36844200
653,Jul-26-2017,74.34,74.38,73.81,74.05,70.99,16252200
654,Jul-25-2017,73.80,74.31,73.50,74.19,71.13,22018700
655,Jul-25-2017,73.80,74.31,73.50,74.19,71.13,22018700
656,Jul-24-2017,73.53,73.75,73.13,73.60,70.56,21394800
657,Jul-21-2017,73.45,74.29,73.17,73.79,70.74,46717100
658,Jul-20-2017,74.18,74.30,73.28,74.22,71.16,42361000
659,Jul-19-2017,73.50,74.04,73.45,73.86,70.81,22416200
660,Jul-18-2017,73.09,73.39,72.66,73.30,70.27,26435300
661,Jul-17-2017,72.80,73.45,72.72,73.35,70.32,21803900
662,Jul-14-2017,72.24,73.27,71.96,72.78,69.78,25868100
663,Jul-13-2017,71.50,72.04,71.31,71.77,68.81,20269800
664,Jul-12-2017,70.69,71.28,70.55,71.15,68.21,17750900
665,Jul-11-2017,70.00,70.68,69.75,69.99,67.10,17460000
666,Jul-10-2017,69.46,70.25,69.20,69.98,67.09,15014500
667,Jul-07-2017,68.70,69.84,68.70,69.46,66.59,16878300
668,Jul-07-2017,68.70,69.84,68.70,69.46,66.59,16878300
669,Jul-06-2017,68.27,68.78,68.12,68.57,65.74,21117600
670,Jul-05-2017,68.26,69.44,68.22,69.08,66.23,21176300
671,Jul-03-2017,69.33,69.60,68.02,68.17,65.36,16165500
672,Jun-30-2017,68.78,69.38,68.74,68.93,66.08,24161100
673,Jun-29-2017,69.38,69.49,68.09,68.49,65.66,28918700
674,Jun-28-2017,69.21,69.84,68.79,69.80,66.92,25806200
675,Jun-27-2017,70.11,70.18,69.18,69.21,66.35,25215100
676,Jun-26-2017,71.40,71.71,70.44,70.53,67.62,19607000
677,Jun-23-2017,70.09,71.25,69.92,71.21,68.27,27617300
678,Jun-22-2017,70.54,70.59,69.71,70.26,67.36,22965700
679,Jun-21-2017,70.21,70.62,69.94,70.27,67.37,19891100
680,Jun-20-2017,70.82,70.87,69.87,69.91,67.02,21512200
681,Jun-19-2017,70.50,70.94,70.35,70.87,67.94,23798300
682,Jun-16-2017,69.73,70.03,69.22,70.00,67.11,48345100
683,Jun-15-2017,69.27,70.21,68.80,69.90,67.01,26068700
684,Jun-14-2017,70.91,71.10,69.43,70.27,67.37,25510700
685,Jun-13-2017,70.02,70.82,69.96,70.65,67.73,25258600
686,Jun-12-2017,69.25,69.94,68.13,69.78,66.90,47761700
687,Jun-09-2017,72.04,72.08,68.59,70.32,67.42,49187400
688,Jun-08-2017,72.51,72.52,71.50,71.95,68.98,24588300
689,Jun-07-2017,72.64,72.77,71.95,72.39,69.40,22301800
690,Jun-06-2017,72.30,72.62,72.27,72.52,69.53,31511100
691,Jun-05-2017,71.97,72.89,71.81,72.28,69.30,33316800
692,Jun-02-2017,70.44,71.86,70.24,71.76,68.80,34770300
693,Jun-02-2017,70.44,71.86,70.24,71.76,68.80,34770300
694,Jun-01-2017,70.24,70.61,69.45,70.10,67.21,21603600
695,May-31-2017,70.53,70.74,69.81,69.84,66.96,30436400
696,May-30-2017,69.79,70.41,69.77,70.41,67.50,17072800
697,May-26-2017,69.80,70.22,69.52,69.96,67.07,19827900
698,May-25-2017,68.97,69.88,68.91,69.62,66.75,21854100
699,May-24-2017,68.87,68.88,68.45,68.77,65.93,14593900
700,May-24-2017,68.87,68.88,68.45,68.77,65.93,14593900
701,May-23-2017,68.72,68.75,68.38,68.68,65.84,15425800
702,May-22-2017,67.89,68.50,67.50,68.45,65.62,16237600
703,May-19-2017,67.50,68.10,67.43,67.69,64.90,26961100
704,May-18-2017,67.40,68.13,67.14,67.71,64.91,25201300
705,May-17-2017,68.89,69.10,67.43,67.48,64.69,30548800
706,May-16-2017,68.23,69.44,68.16,69.41,66.54,34956000
707,May-15-2017,68.14,68.48,67.57,68.43,65.23,31530300
708,May-15-2017,68.14,68.48,67.57,68.43,65.23,31530300
709,May-12-2017,68.61,68.61,68.04,68.38,65.18,18714100
710,May-11-2017,68.36,68.73,68.12,68.46,65.26,28789400
711,May-10-2017,68.99,69.56,68.92,69.31,66.07,17977800
712,May-09-2017,68.86,69.28,68.68,69.04,65.81,22858400
713,May-08-2017,68.97,69.05,68.42,68.94,65.72,18566100
714,May-05-2017,68.90,69.03,68.49,69.00,65.77,19128800
715,May-04-2017,69.03,69.08,68.64,68.81,65.59,21749400
716,May-03-2017,69.38,69.38,68.71,69.08,65.85,28928000
717,May-02-2017,69.71,69.71,69.13,69.30,66.06,23906100
718,May-01-2017,68.68,69.55,68.50,69.41,66.16,31954400
719,Apr-28-2017,68.91,69.14,67.69,68.46,65.26,39548800
720,Apr-27-2017,68.15,68.38,67.58,68.27,65.08,34971000
721,Apr-27-2017,68.15,68.38,67.58,68.27,65.08,34971000
722,Apr-26-2017,68.08,68.31,67.62,67.83,64.66,26190800
723,Apr-25-2017,67.90,68.04,67.60,67.92,64.74,30242700
724,Apr-24-2017,67.48,67.66,67.10,67.53,64.37,29770000
725,Apr-21-2017,65.67,66.70,65.45,66.40,63.30,32522600
726,Apr-20-2017,65.46,65.75,65.14,65.50,62.44,22299500
727,Apr-19-2017,65.65,65.75,64.89,65.04,62.00,26992800
728,Apr-18-2017,65.33,65.71,65.16,65.39,62.33,15155600
729,Apr-18-2017,65.33,65.71,65.16,65.39,62.33,15155600
730,Apr-17-2017,65.04,65.49,65.01,65.48,62.42,16689300
731,Apr-13-2017,65.29,65.86,64.95,64.95,61.91,17896500
732,Apr-12-2017,65.42,65.51,65.11,65.23,62.18,17108500
733,Apr-11-2017,65.60,65.61,64.85,65.48,62.42,18791500
734,Apr-10-2017,65.61,65.82,65.36,65.53,62.47,17952700
735,Apr-07-2017,65.85,65.96,65.44,65.68,62.61,14108500
736,Apr-06-2017,65.60,66.06,65.48,65.73,62.66,18103500
737,Apr-05-2017,66.30,66.35,65.44,65.56,62.49,21448600
738,Apr-04-2017,65.39,65.81,65.28,65.73,62.66,12997400
739,Apr-03-2017,65.81,65.94,65.19,65.55,62.49,20400900
740,Mar-31-2017,65.65,66.19,65.45,65.86,62.78,21040300
741,Mar-31-2017,65.65,66.19,65.45,65.86,62.78,21040300
742,Mar-30-2017,65.42,65.98,65.36,65.71,62.64,15122800
743,Mar-29-2017,65.12,65.50,64.95,65.47,62.41,13618400
744,Mar-28-2017,64.96,65.47,64.65,65.29,62.24,20080400
745,Mar-27-2017,64.63,65.22,64.35,65.10,62.06,18614700
746,Mar-24-2017,65.36,65.45,64.76,64.98,61.94,22617100
747,Mar-23-2017,64.94,65.24,64.77,64.87,61.84,19269200
748,Mar-22-2017,64.12,65.14,64.12,65.03,61.99,20680000
749,Mar-22-2017,64.12,65.14,64.12,65.03,61.99,20680000
750,Mar-21-2017,65.19,65.50,64.13,64.21,61.21,26640500
751,Mar-20-2017,64.91,65.18,64.72,64.93,61.89,14598100
752,Mar-17-2017,64.91,65.24,64.68,64.87,61.84,49219700
753,Mar-16-2017,64.75,64.76,64.30,64.64,61.62,20674300
754,Mar-15-2017,64.55,64.92,64.25,64.75,61.72,24833800
755,Mar-14-2017,64.53,64.55,64.15,64.41,61.40,14280200
756,Mar-13-2017,65.01,65.19,64.57,64.71,61.68,20100000
757,Mar-13-2017,65.01,65.19,64.57,64.71,61.68,20100000
758,Mar-10-2017,65.11,65.26,64.75,64.93,61.89,19538200
759,Mar-09-2017,65.19,65.20,64.48,64.73,61.70,19846800
760,Mar-08-2017,64.26,65.08,64.25,64.99,61.95,21510900
761,Mar-07-2017,64.19,64.78,64.19,64.40,61.39,18521000
762,Mar-06-2017,63.97,64.56,63.81,64.27,61.27,18750300
763,Mar-03-2017,63.99,64.28,63.62,64.25,61.25,18135900
764,Mar-02-2017,64.69,64.75,63.88,64.01,61.02,24539600
765,Mar-01-2017,64.13,64.99,64.02,64.94,61.90,26937500
766,Feb-28-2017,64.08,64.20,63.76,63.98,60.99,23239800
767,Feb-27-2017,64.54,64.54,64.05,64.23,61.23,15871500
768,Feb-24-2017,64.53,64.80,64.14,64.62,61.60,21796800
769,Feb-23-2017,64.42,64.73,64.19,64.62,61.60,20273100
770,Feb-23-2017,64.42,64.73,64.19,64.62,61.60,20273100
771,Feb-22-2017,64.33,64.39,64.05,64.36,61.35,19292700
772,Feb-21-2017,64.61,64.95,64.45,64.49,61.47,20655900
773,Feb-17-2017,64.47,64.69,64.30,64.62,61.60,21248800
774,Feb-16-2017,64.74,65.24,64.44,64.52,61.50,20546300
775,Feb-15-2017,64.50,64.57,64.16,64.53,61.51,17005200
776,Feb-14-2017,64.41,64.72,64.02,64.57,61.55,23108400
777,Feb-14-2017,64.41,64.72,64.02,64.57,61.55,23108400
778,Feb-13-2017,64.24,64.86,64.13,64.72,61.32,22920100
779,Feb-10-2017,64.25,64.30,63.98,64.00,60.64,18170700
780,Feb-09-2017,63.52,64.44,63.32,64.06,60.70,22644400
781,Feb-08-2017,63.57,63.81,63.22,63.34,60.01,18096400
782,Feb-07-2017,63.74,63.78,63.23,63.43,60.10,20277200
783,Feb-06-2017,63.50,63.65,63.14,63.64,60.30,19796400
784,Feb-03-2017,63.50,63.70,63.07,63.68,60.34,30301800
785,Feb-02-2017,63.25,63.41,62.75,63.17,59.85,45827000
786,Feb-01-2017,64.36,64.62,63.47,63.58,60.24,39671500
787,Jan-31-2017,64.86,65.15,64.26,64.65,61.26,25270500
788,Jan-30-2017,65.69,65.79,64.80,65.13,61.71,31651400
789,Jan-27-2017,65.39,65.91,64.89,65.78,62.33,44818000
790,Jan-26-2017,64.12,64.54,63.55,64.27,60.90,43554600
791,Jan-25-2017,63.95,64.10,63.45,63.68,60.34,23672700
792,Jan-24-2017,63.20,63.74,62.94,63.52,60.19,24672900
793,Jan-23-2017,62.70,63.12,62.57,62.96,59.65,23097600
794,Jan-20-2017,62.67,62.82,62.37,62.74,59.45,30213500
795,Jan-19-2017,62.24,62.98,62.20,62.30,59.03,18451700
796,Jan-18-2017,62.67,62.70,62.12,62.50,59.22,19670100
797,Jan-17-2017,62.68,62.70,62.03,62.53,59.25,20664000
798,Jan-13-2017,62.62,62.87,62.35,62.70,59.41,19422300
799,Jan-12-2017,63.06,63.40,61.95,62.61,59.32,20968200
800,Jan-11-2017,62.61,63.23,62.43,63.19,59.87,21517300
801,Jan-10-2017,62.73,63.07,62.28,62.62,59.33,18593000
802,Jan-09-2017,62.76,63.08,62.54,62.64,59.35,20382700
803,Jan-06-2017,62.30,63.15,62.04,62.84,59.54,19922900
804,Jan-05-2017,62.19,62.66,62.03,62.30,59.03,24876000
805,Jan-04-2017,62.48,62.75,62.12,62.30,59.03,21340000
806,Jan-03-2017,62.79,62.84,62.13,62.58,59.29,20694100
